{"cameraMode":{"drawMode":0,"name":"Shaded","section":"Shading Mode"},"sceneLighting":true,"audioPlay":false,"sceneViewState":{"showFog":true,"showMaterialUpdate":false,"showSkybox":true,"showFlares":true,"showImageEffects":true,"showParticleSystems":true},"in2DMode":false,"pivot":{"x":3.3433356285095217,"y":-0.19317515194416047,"z":23.87326431274414},"rotation":{"x":-0.010108415968716145,"y":0.9505085945129395,"z":-0.3089964985847473,"w":-0.03109120950102806},"size":19.15288543701172,"orthographic":false}